{
  "No_Doubt": {
    "tempo_bpm": 129.19921875,
    "pitch_hz_avg": 294.6834263054331,
    "volume_rms_avg": 0.025141114369034767
  }
}
